date_id,full_date,day,month,month_name,quarter,year,day_of_week,is_weekend
1,2023-01-01,1,1,JANUARY,1,2023,SUNDAY,1
2,2023-01-02,2,1,JANUARY,1,2023,MONDAY,0
3,2023-01-03,3,1,JANUARY,1,2023,TUESDAY,0
4,2023-01-04,4,1,JANUARY,1,2023,WEDNESDAY,0
5,2023-01-05,5,1,JANUARY,1,2023,THURSDAY,0
6,2023-01-06,6,1,JANUARY,1,2023,FRIDAY,0
7,2023-01-07,7,1,JANUARY,1,2023,SATURDAY,1
8,2023-01-08,8,1,JANUARY,1,2023,SUNDAY,1
9,2023-01-09,9,1,JANUARY,1,2023,MONDAY,0
10,2023-01-10,10,1,JANUARY,1,2023,TUESDAY,0
11,2023-01-11,11,1,JANUARY,1,2023,WEDNESDAY,0
12,2023-01-12,12,1,JANUARY,1,2023,THURSDAY,0
13,2023-01-13,13,1,JANUARY,1,2023,FRIDAY,0
14,2023-01-14,14,1,JANUARY,1,2023,SATURDAY,1
15,2023-01-15,15,1,JANUARY,1,2023,SUNDAY,1
16,2023-01-16,16,1,JANUARY,1,2023,MONDAY,0
17,2023-01-17,17,1,JANUARY,1,2023,TUESDAY,0
18,2023-01-18,18,1,JANUARY,1,2023,WEDNESDAY,0
19,2023-01-19,19,1,JANUARY,1,2023,THURSDAY,0
20,2023-01-20,20,1,JANUARY,1,2023,FRIDAY,0
21,2023-01-21,21,1,JANUARY,1,2023,SATURDAY,1
22,2023-01-22,22,1,JANUARY,1,2023,SUNDAY,1
23,2023-01-23,23,1,JANUARY,1,2023,MONDAY,0
24,2023-01-24,24,1,JANUARY,1,2023,TUESDAY,0
25,2023-01-25,25,1,JANUARY,1,2023,WEDNESDAY,0
26,2023-01-26,26,1,JANUARY,1,2023,THURSDAY,0
27,2023-01-27,27,1,JANUARY,1,2023,FRIDAY,0
28,2023-01-28,28,1,JANUARY,1,2023,SATURDAY,1
29,2023-01-29,29,1,JANUARY,1,2023,SUNDAY,1
30,2023-01-30,30,1,JANUARY,1,2023,MONDAY,0
31,2023-01-31,31,1,JANUARY,1,2023,TUESDAY,0
32,2023-02-01,1,2,FEBRUARY,1,2023,WEDNESDAY,0
33,2023-02-02,2,2,FEBRUARY,1,2023,THURSDAY,0
34,2023-02-03,3,2,FEBRUARY,1,2023,FRIDAY,0
35,2023-02-04,4,2,FEBRUARY,1,2023,SATURDAY,1
36,2023-02-05,5,2,FEBRUARY,1,2023,SUNDAY,1
37,2023-02-06,6,2,FEBRUARY,1,2023,MONDAY,0
38,2023-02-07,7,2,FEBRUARY,1,2023,TUESDAY,0
39,2023-02-08,8,2,FEBRUARY,1,2023,WEDNESDAY,0
40,2023-02-09,9,2,FEBRUARY,1,2023,THURSDAY,0
41,2023-02-10,10,2,FEBRUARY,1,2023,FRIDAY,0
42,2023-02-11,11,2,FEBRUARY,1,2023,SATURDAY,1
43,2023-02-12,12,2,FEBRUARY,1,2023,SUNDAY,1
44,2023-02-13,13,2,FEBRUARY,1,2023,MONDAY,0
45,2023-02-14,14,2,FEBRUARY,1,2023,TUESDAY,0
46,2023-02-15,15,2,FEBRUARY,1,2023,WEDNESDAY,0
47,2023-02-16,16,2,FEBRUARY,1,2023,THURSDAY,0
48,2023-02-17,17,2,FEBRUARY,1,2023,FRIDAY,0
49,2023-02-18,18,2,FEBRUARY,1,2023,SATURDAY,1
50,2023-02-19,19,2,FEBRUARY,1,2023,SUNDAY,1
51,2023-02-20,20,2,FEBRUARY,1,2023,MONDAY,0
52,2023-02-21,21,2,FEBRUARY,1,2023,TUESDAY,0
53,2023-02-22,22,2,FEBRUARY,1,2023,WEDNESDAY,0
54,2023-02-23,23,2,FEBRUARY,1,2023,THURSDAY,0
55,2023-02-24,24,2,FEBRUARY,1,2023,FRIDAY,0
56,2023-02-25,25,2,FEBRUARY,1,2023,SATURDAY,1
57,2023-02-26,26,2,FEBRUARY,1,2023,SUNDAY,1
58,2023-02-27,27,2,FEBRUARY,1,2023,MONDAY,0
59,2023-02-28,28,2,FEBRUARY,1,2023,TUESDAY,0
60,2023-03-01,1,3,MARCH,1,2023,WEDNESDAY,0
61,2023-03-02,2,3,MARCH,1,2023,THURSDAY,0
62,2023-03-03,3,3,MARCH,1,2023,FRIDAY,0
63,2023-03-04,4,3,MARCH,1,2023,SATURDAY,1
64,2023-03-05,5,3,MARCH,1,2023,SUNDAY,1
65,2023-03-06,6,3,MARCH,1,2023,MONDAY,0
66,2023-03-07,7,3,MARCH,1,2023,TUESDAY,0
67,2023-03-08,8,3,MARCH,1,2023,WEDNESDAY,0
68,2023-03-09,9,3,MARCH,1,2023,THURSDAY,0
69,2023-03-10,10,3,MARCH,1,2023,FRIDAY,0
70,2023-03-11,11,3,MARCH,1,2023,SATURDAY,1
71,2023-03-12,12,3,MARCH,1,2023,SUNDAY,1
72,2023-03-13,13,3,MARCH,1,2023,MONDAY,0
73,2023-03-14,14,3,MARCH,1,2023,TUESDAY,0
74,2023-03-15,15,3,MARCH,1,2023,WEDNESDAY,0
75,2023-03-16,16,3,MARCH,1,2023,THURSDAY,0
76,2023-03-17,17,3,MARCH,1,2023,FRIDAY,0
77,2023-03-18,18,3,MARCH,1,2023,SATURDAY,1
78,2023-03-19,19,3,MARCH,1,2023,SUNDAY,1
79,2023-03-20,20,3,MARCH,1,2023,MONDAY,0
80,2023-03-21,21,3,MARCH,1,2023,TUESDAY,0
81,2023-03-22,22,3,MARCH,1,2023,WEDNESDAY,0
82,2023-03-23,23,3,MARCH,1,2023,THURSDAY,0
83,2023-03-24,24,3,MARCH,1,2023,FRIDAY,0
84,2023-03-25,25,3,MARCH,1,2023,SATURDAY,1
85,2023-03-26,26,3,MARCH,1,2023,SUNDAY,1
86,2023-03-27,27,3,MARCH,1,2023,MONDAY,0
87,2023-03-28,28,3,MARCH,1,2023,TUESDAY,0
88,2023-03-29,29,3,MARCH,1,2023,WEDNESDAY,0
89,2023-03-30,30,3,MARCH,1,2023,THURSDAY,0
90,2023-03-31,31,3,MARCH,1,2023,FRIDAY,0
91,2023-04-01,1,4,APRIL,2,2023,SATURDAY,1
92,2023-04-02,2,4,APRIL,2,2023,SUNDAY,1
93,2023-04-03,3,4,APRIL,2,2023,MONDAY,0
94,2023-04-04,4,4,APRIL,2,2023,TUESDAY,0
95,2023-04-05,5,4,APRIL,2,2023,WEDNESDAY,0
96,2023-04-06,6,4,APRIL,2,2023,THURSDAY,0
97,2023-04-07,7,4,APRIL,2,2023,FRIDAY,0
98,2023-04-08,8,4,APRIL,2,2023,SATURDAY,1
99,2023-04-09,9,4,APRIL,2,2023,SUNDAY,1
100,2023-04-10,10,4,APRIL,2,2023,MONDAY,0
101,2023-04-11,11,4,APRIL,2,2023,TUESDAY,0
102,2023-04-12,12,4,APRIL,2,2023,WEDNESDAY,0
103,2023-04-13,13,4,APRIL,2,2023,THURSDAY,0
104,2023-04-14,14,4,APRIL,2,2023,FRIDAY,0
105,2023-04-15,15,4,APRIL,2,2023,SATURDAY,1
106,2023-04-16,16,4,APRIL,2,2023,SUNDAY,1
107,2023-04-17,17,4,APRIL,2,2023,MONDAY,0
108,2023-04-18,18,4,APRIL,2,2023,TUESDAY,0
109,2023-04-19,19,4,APRIL,2,2023,WEDNESDAY,0
110,2023-04-20,20,4,APRIL,2,2023,THURSDAY,0
111,2023-04-21,21,4,APRIL,2,2023,FRIDAY,0
112,2023-04-22,22,4,APRIL,2,2023,SATURDAY,1
113,2023-04-23,23,4,APRIL,2,2023,SUNDAY,1
114,2023-04-24,24,4,APRIL,2,2023,MONDAY,0
115,2023-04-25,25,4,APRIL,2,2023,TUESDAY,0
116,2023-04-26,26,4,APRIL,2,2023,WEDNESDAY,0
117,2023-04-27,27,4,APRIL,2,2023,THURSDAY,0
118,2023-04-28,28,4,APRIL,2,2023,FRIDAY,0
119,2023-04-29,29,4,APRIL,2,2023,SATURDAY,1
120,2023-04-30,30,4,APRIL,2,2023,SUNDAY,1
121,2023-05-01,1,5,MAY,2,2023,MONDAY,0
122,2023-05-02,2,5,MAY,2,2023,TUESDAY,0
123,2023-05-03,3,5,MAY,2,2023,WEDNESDAY,0
124,2023-05-04,4,5,MAY,2,2023,THURSDAY,0
125,2023-05-05,5,5,MAY,2,2023,FRIDAY,0
126,2023-05-06,6,5,MAY,2,2023,SATURDAY,1
127,2023-05-07,7,5,MAY,2,2023,SUNDAY,1
128,2023-05-08,8,5,MAY,2,2023,MONDAY,0
129,2023-05-09,9,5,MAY,2,2023,TUESDAY,0
130,2023-05-10,10,5,MAY,2,2023,WEDNESDAY,0
131,2023-05-11,11,5,MAY,2,2023,THURSDAY,0
132,2023-05-12,12,5,MAY,2,2023,FRIDAY,0
133,2023-05-13,13,5,MAY,2,2023,SATURDAY,1
134,2023-05-14,14,5,MAY,2,2023,SUNDAY,1
135,2023-05-15,15,5,MAY,2,2023,MONDAY,0
136,2023-05-16,16,5,MAY,2,2023,TUESDAY,0
137,2023-05-17,17,5,MAY,2,2023,WEDNESDAY,0
138,2023-05-18,18,5,MAY,2,2023,THURSDAY,0
139,2023-05-19,19,5,MAY,2,2023,FRIDAY,0
140,2023-05-20,20,5,MAY,2,2023,SATURDAY,1
141,2023-05-21,21,5,MAY,2,2023,SUNDAY,1
142,2023-05-22,22,5,MAY,2,2023,MONDAY,0
143,2023-05-23,23,5,MAY,2,2023,TUESDAY,0
144,2023-05-24,24,5,MAY,2,2023,WEDNESDAY,0
145,2023-05-25,25,5,MAY,2,2023,THURSDAY,0
146,2023-05-26,26,5,MAY,2,2023,FRIDAY,0
147,2023-05-27,27,5,MAY,2,2023,SATURDAY,1
148,2023-05-28,28,5,MAY,2,2023,SUNDAY,1
149,2023-05-29,29,5,MAY,2,2023,MONDAY,0
150,2023-05-30,30,5,MAY,2,2023,TUESDAY,0
151,2023-05-31,31,5,MAY,2,2023,WEDNESDAY,0
152,2023-06-01,1,6,JUNE,2,2023,THURSDAY,0
153,2023-06-02,2,6,JUNE,2,2023,FRIDAY,0
154,2023-06-03,3,6,JUNE,2,2023,SATURDAY,1
155,2023-06-04,4,6,JUNE,2,2023,SUNDAY,1
156,2023-06-05,5,6,JUNE,2,2023,MONDAY,0
157,2023-06-06,6,6,JUNE,2,2023,TUESDAY,0
158,2023-06-07,7,6,JUNE,2,2023,WEDNESDAY,0
159,2023-06-08,8,6,JUNE,2,2023,THURSDAY,0
160,2023-06-09,9,6,JUNE,2,2023,FRIDAY,0
161,2023-06-10,10,6,JUNE,2,2023,SATURDAY,1
162,2023-06-11,11,6,JUNE,2,2023,SUNDAY,1
163,2023-06-12,12,6,JUNE,2,2023,MONDAY,0
164,2023-06-13,13,6,JUNE,2,2023,TUESDAY,0
165,2023-06-14,14,6,JUNE,2,2023,WEDNESDAY,0
166,2023-06-15,15,6,JUNE,2,2023,THURSDAY,0
167,2023-06-16,16,6,JUNE,2,2023,FRIDAY,0
168,2023-06-17,17,6,JUNE,2,2023,SATURDAY,1
169,2023-06-18,18,6,JUNE,2,2023,SUNDAY,1
170,2023-06-19,19,6,JUNE,2,2023,MONDAY,0
171,2023-06-20,20,6,JUNE,2,2023,TUESDAY,0
172,2023-06-21,21,6,JUNE,2,2023,WEDNESDAY,0
173,2023-06-22,22,6,JUNE,2,2023,THURSDAY,0
174,2023-06-23,23,6,JUNE,2,2023,FRIDAY,0
175,2023-06-24,24,6,JUNE,2,2023,SATURDAY,1
176,2023-06-25,25,6,JUNE,2,2023,SUNDAY,1
177,2023-06-26,26,6,JUNE,2,2023,MONDAY,0
178,2023-06-27,27,6,JUNE,2,2023,TUESDAY,0
179,2023-06-28,28,6,JUNE,2,2023,WEDNESDAY,0
180,2023-06-29,29,6,JUNE,2,2023,THURSDAY,0
181,2023-06-30,30,6,JUNE,2,2023,FRIDAY,0
182,2023-07-01,1,7,JULY,3,2023,SATURDAY,1
183,2023-07-02,2,7,JULY,3,2023,SUNDAY,1
184,2023-07-03,3,7,JULY,3,2023,MONDAY,0
185,2023-07-04,4,7,JULY,3,2023,TUESDAY,0
186,2023-07-05,5,7,JULY,3,2023,WEDNESDAY,0
187,2023-07-06,6,7,JULY,3,2023,THURSDAY,0
188,2023-07-07,7,7,JULY,3,2023,FRIDAY,0
189,2023-07-08,8,7,JULY,3,2023,SATURDAY,1
190,2023-07-09,9,7,JULY,3,2023,SUNDAY,1
191,2023-07-10,10,7,JULY,3,2023,MONDAY,0
192,2023-07-11,11,7,JULY,3,2023,TUESDAY,0
193,2023-07-12,12,7,JULY,3,2023,WEDNESDAY,0
194,2023-07-13,13,7,JULY,3,2023,THURSDAY,0
195,2023-07-14,14,7,JULY,3,2023,FRIDAY,0
196,2023-07-15,15,7,JULY,3,2023,SATURDAY,1
197,2023-07-16,16,7,JULY,3,2023,SUNDAY,1
198,2023-07-17,17,7,JULY,3,2023,MONDAY,0
199,2023-07-18,18,7,JULY,3,2023,TUESDAY,0
200,2023-07-19,19,7,JULY,3,2023,WEDNESDAY,0
201,2023-07-20,20,7,JULY,3,2023,THURSDAY,0
202,2023-07-21,21,7,JULY,3,2023,FRIDAY,0
203,2023-07-22,22,7,JULY,3,2023,SATURDAY,1
204,2023-07-23,23,7,JULY,3,2023,SUNDAY,1
205,2023-07-24,24,7,JULY,3,2023,MONDAY,0
206,2023-07-25,25,7,JULY,3,2023,TUESDAY,0
207,2023-07-26,26,7,JULY,3,2023,WEDNESDAY,0
208,2023-07-27,27,7,JULY,3,2023,THURSDAY,0
209,2023-07-28,28,7,JULY,3,2023,FRIDAY,0
210,2023-07-29,29,7,JULY,3,2023,SATURDAY,1
211,2023-07-30,30,7,JULY,3,2023,SUNDAY,1
212,2023-07-31,31,7,JULY,3,2023,MONDAY,0
213,2023-08-01,1,8,AUGUST,3,2023,TUESDAY,0
214,2023-08-02,2,8,AUGUST,3,2023,WEDNESDAY,0
215,2023-08-03,3,8,AUGUST,3,2023,THURSDAY,0
216,2023-08-04,4,8,AUGUST,3,2023,FRIDAY,0
217,2023-08-05,5,8,AUGUST,3,2023,SATURDAY,1
218,2023-08-06,6,8,AUGUST,3,2023,SUNDAY,1
219,2023-08-07,7,8,AUGUST,3,2023,MONDAY,0
220,2023-08-08,8,8,AUGUST,3,2023,TUESDAY,0
221,2023-08-09,9,8,AUGUST,3,2023,WEDNESDAY,0
222,2023-08-10,10,8,AUGUST,3,2023,THURSDAY,0
223,2023-08-11,11,8,AUGUST,3,2023,FRIDAY,0
224,2023-08-12,12,8,AUGUST,3,2023,SATURDAY,1
225,2023-08-13,13,8,AUGUST,3,2023,SUNDAY,1
226,2023-08-14,14,8,AUGUST,3,2023,MONDAY,0
227,2023-08-15,15,8,AUGUST,3,2023,TUESDAY,0
228,2023-08-16,16,8,AUGUST,3,2023,WEDNESDAY,0
229,2023-08-17,17,8,AUGUST,3,2023,THURSDAY,0
230,2023-08-18,18,8,AUGUST,3,2023,FRIDAY,0
231,2023-08-19,19,8,AUGUST,3,2023,SATURDAY,1
232,2023-08-20,20,8,AUGUST,3,2023,SUNDAY,1
233,2023-08-21,21,8,AUGUST,3,2023,MONDAY,0
234,2023-08-22,22,8,AUGUST,3,2023,TUESDAY,0
235,2023-08-23,23,8,AUGUST,3,2023,WEDNESDAY,0
236,2023-08-24,24,8,AUGUST,3,2023,THURSDAY,0
237,2023-08-25,25,8,AUGUST,3,2023,FRIDAY,0
238,2023-08-26,26,8,AUGUST,3,2023,SATURDAY,1
239,2023-08-27,27,8,AUGUST,3,2023,SUNDAY,1
240,2023-08-28,28,8,AUGUST,3,2023,MONDAY,0
241,2023-08-29,29,8,AUGUST,3,2023,TUESDAY,0
242,2023-08-30,30,8,AUGUST,3,2023,WEDNESDAY,0
243,2023-08-31,31,8,AUGUST,3,2023,THURSDAY,0
244,2023-09-01,1,9,SEPTEMBER,3,2023,FRIDAY,0
245,2023-09-02,2,9,SEPTEMBER,3,2023,SATURDAY,1
246,2023-09-03,3,9,SEPTEMBER,3,2023,SUNDAY,1
247,2023-09-04,4,9,SEPTEMBER,3,2023,MONDAY,0
248,2023-09-05,5,9,SEPTEMBER,3,2023,TUESDAY,0
249,2023-09-06,6,9,SEPTEMBER,3,2023,WEDNESDAY,0
250,2023-09-07,7,9,SEPTEMBER,3,2023,THURSDAY,0
251,2023-09-08,8,9,SEPTEMBER,3,2023,FRIDAY,0
252,2023-09-09,9,9,SEPTEMBER,3,2023,SATURDAY,1
253,2023-09-10,10,9,SEPTEMBER,3,2023,SUNDAY,1
254,2023-09-11,11,9,SEPTEMBER,3,2023,MONDAY,0
255,2023-09-12,12,9,SEPTEMBER,3,2023,TUESDAY,0
256,2023-09-13,13,9,SEPTEMBER,3,2023,WEDNESDAY,0
257,2023-09-14,14,9,SEPTEMBER,3,2023,THURSDAY,0
258,2023-09-15,15,9,SEPTEMBER,3,2023,FRIDAY,0
259,2023-09-16,16,9,SEPTEMBER,3,2023,SATURDAY,1
260,2023-09-17,17,9,SEPTEMBER,3,2023,SUNDAY,1
261,2023-09-18,18,9,SEPTEMBER,3,2023,MONDAY,0
262,2023-09-19,19,9,SEPTEMBER,3,2023,TUESDAY,0
263,2023-09-20,20,9,SEPTEMBER,3,2023,WEDNESDAY,0
264,2023-09-21,21,9,SEPTEMBER,3,2023,THURSDAY,0
265,2023-09-22,22,9,SEPTEMBER,3,2023,FRIDAY,0
266,2023-09-23,23,9,SEPTEMBER,3,2023,SATURDAY,1
267,2023-09-24,24,9,SEPTEMBER,3,2023,SUNDAY,1
268,2023-09-25,25,9,SEPTEMBER,3,2023,MONDAY,0
269,2023-09-26,26,9,SEPTEMBER,3,2023,TUESDAY,0
270,2023-09-27,27,9,SEPTEMBER,3,2023,WEDNESDAY,0
271,2023-09-28,28,9,SEPTEMBER,3,2023,THURSDAY,0
272,2023-09-29,29,9,SEPTEMBER,3,2023,FRIDAY,0
273,2023-09-30,30,9,SEPTEMBER,3,2023,SATURDAY,1
274,2023-10-01,1,10,OCTOBER,4,2023,SUNDAY,1
275,2023-10-02,2,10,OCTOBER,4,2023,MONDAY,0
276,2023-10-03,3,10,OCTOBER,4,2023,TUESDAY,0
277,2023-10-04,4,10,OCTOBER,4,2023,WEDNESDAY,0
278,2023-10-05,5,10,OCTOBER,4,2023,THURSDAY,0
279,2023-10-06,6,10,OCTOBER,4,2023,FRIDAY,0
280,2023-10-07,7,10,OCTOBER,4,2023,SATURDAY,1
281,2023-10-08,8,10,OCTOBER,4,2023,SUNDAY,1
282,2023-10-09,9,10,OCTOBER,4,2023,MONDAY,0
283,2023-10-10,10,10,OCTOBER,4,2023,TUESDAY,0
284,2023-10-11,11,10,OCTOBER,4,2023,WEDNESDAY,0
285,2023-10-12,12,10,OCTOBER,4,2023,THURSDAY,0
286,2023-10-13,13,10,OCTOBER,4,2023,FRIDAY,0
287,2023-10-14,14,10,OCTOBER,4,2023,SATURDAY,1
288,2023-10-15,15,10,OCTOBER,4,2023,SUNDAY,1
289,2023-10-16,16,10,OCTOBER,4,2023,MONDAY,0
290,2023-10-17,17,10,OCTOBER,4,2023,TUESDAY,0
291,2023-10-18,18,10,OCTOBER,4,2023,WEDNESDAY,0
292,2023-10-19,19,10,OCTOBER,4,2023,THURSDAY,0
293,2023-10-20,20,10,OCTOBER,4,2023,FRIDAY,0
294,2023-10-21,21,10,OCTOBER,4,2023,SATURDAY,1
295,2023-10-22,22,10,OCTOBER,4,2023,SUNDAY,1
296,2023-10-23,23,10,OCTOBER,4,2023,MONDAY,0
297,2023-10-24,24,10,OCTOBER,4,2023,TUESDAY,0
298,2023-10-25,25,10,OCTOBER,4,2023,WEDNESDAY,0
299,2023-10-26,26,10,OCTOBER,4,2023,THURSDAY,0
300,2023-10-27,27,10,OCTOBER,4,2023,FRIDAY,0
301,2023-10-28,28,10,OCTOBER,4,2023,SATURDAY,1
302,2023-10-29,29,10,OCTOBER,4,2023,SUNDAY,1
303,2023-10-30,30,10,OCTOBER,4,2023,MONDAY,0
304,2023-10-31,31,10,OCTOBER,4,2023,TUESDAY,0
305,2023-11-01,1,11,NOVEMBER,4,2023,WEDNESDAY,0
306,2023-11-02,2,11,NOVEMBER,4,2023,THURSDAY,0
307,2023-11-03,3,11,NOVEMBER,4,2023,FRIDAY,0
308,2023-11-04,4,11,NOVEMBER,4,2023,SATURDAY,1
309,2023-11-05,5,11,NOVEMBER,4,2023,SUNDAY,1
310,2023-11-06,6,11,NOVEMBER,4,2023,MONDAY,0
311,2023-11-07,7,11,NOVEMBER,4,2023,TUESDAY,0
312,2023-11-08,8,11,NOVEMBER,4,2023,WEDNESDAY,0
313,2023-11-09,9,11,NOVEMBER,4,2023,THURSDAY,0
314,2023-11-10,10,11,NOVEMBER,4,2023,FRIDAY,0
315,2023-11-11,11,11,NOVEMBER,4,2023,SATURDAY,1
316,2023-11-12,12,11,NOVEMBER,4,2023,SUNDAY,1
317,2023-11-13,13,11,NOVEMBER,4,2023,MONDAY,0
318,2023-11-14,14,11,NOVEMBER,4,2023,TUESDAY,0
319,2023-11-15,15,11,NOVEMBER,4,2023,WEDNESDAY,0
320,2023-11-16,16,11,NOVEMBER,4,2023,THURSDAY,0
321,2023-11-17,17,11,NOVEMBER,4,2023,FRIDAY,0
322,2023-11-18,18,11,NOVEMBER,4,2023,SATURDAY,1
323,2023-11-19,19,11,NOVEMBER,4,2023,SUNDAY,1
324,2023-11-20,20,11,NOVEMBER,4,2023,MONDAY,0
325,2023-11-21,21,11,NOVEMBER,4,2023,TUESDAY,0
326,2023-11-22,22,11,NOVEMBER,4,2023,WEDNESDAY,0
327,2023-11-23,23,11,NOVEMBER,4,2023,THURSDAY,0
328,2023-11-24,24,11,NOVEMBER,4,2023,FRIDAY,0
329,2023-11-25,25,11,NOVEMBER,4,2023,SATURDAY,1
330,2023-11-26,26,11,NOVEMBER,4,2023,SUNDAY,1
331,2023-11-27,27,11,NOVEMBER,4,2023,MONDAY,0
332,2023-11-28,28,11,NOVEMBER,4,2023,TUESDAY,0
333,2023-11-29,29,11,NOVEMBER,4,2023,WEDNESDAY,0
334,2023-11-30,30,11,NOVEMBER,4,2023,THURSDAY,0
335,2023-12-01,1,12,DECEMBER,4,2023,FRIDAY,0
336,2023-12-02,2,12,DECEMBER,4,2023,SATURDAY,1
337,2023-12-03,3,12,DECEMBER,4,2023,SUNDAY,1
338,2023-12-04,4,12,DECEMBER,4,2023,MONDAY,0
339,2023-12-05,5,12,DECEMBER,4,2023,TUESDAY,0
340,2023-12-06,6,12,DECEMBER,4,2023,WEDNESDAY,0
341,2023-12-07,7,12,DECEMBER,4,2023,THURSDAY,0
342,2023-12-08,8,12,DECEMBER,4,2023,FRIDAY,0
343,2023-12-09,9,12,DECEMBER,4,2023,SATURDAY,1
344,2023-12-10,10,12,DECEMBER,4,2023,SUNDAY,1
345,2023-12-11,11,12,DECEMBER,4,2023,MONDAY,0
346,2023-12-12,12,12,DECEMBER,4,2023,TUESDAY,0
347,2023-12-13,13,12,DECEMBER,4,2023,WEDNESDAY,0
348,2023-12-14,14,12,DECEMBER,4,2023,THURSDAY,0
349,2023-12-15,15,12,DECEMBER,4,2023,FRIDAY,0
350,2023-12-16,16,12,DECEMBER,4,2023,SATURDAY,1
351,2023-12-17,17,12,DECEMBER,4,2023,SUNDAY,1
352,2023-12-18,18,12,DECEMBER,4,2023,MONDAY,0
353,2023-12-19,19,12,DECEMBER,4,2023,TUESDAY,0
354,2023-12-20,20,12,DECEMBER,4,2023,WEDNESDAY,0
355,2023-12-21,21,12,DECEMBER,4,2023,THURSDAY,0
356,2023-12-22,22,12,DECEMBER,4,2023,FRIDAY,0
357,2023-12-23,23,12,DECEMBER,4,2023,SATURDAY,1
358,2023-12-24,24,12,DECEMBER,4,2023,SUNDAY,1
359,2023-12-25,25,12,DECEMBER,4,2023,MONDAY,0
360,2023-12-26,26,12,DECEMBER,4,2023,TUESDAY,0
361,2023-12-27,27,12,DECEMBER,4,2023,WEDNESDAY,0
362,2023-12-28,28,12,DECEMBER,4,2023,THURSDAY,0
363,2023-12-29,29,12,DECEMBER,4,2023,FRIDAY,0
364,2023-12-30,30,12,DECEMBER,4,2023,SATURDAY,1
365,2023-12-31,31,12,DECEMBER,4,2023,SUNDAY,1
366,2024-01-01,1,1,JANUARY,1,2024,MONDAY,0
367,2024-01-02,2,1,JANUARY,1,2024,TUESDAY,0
368,2024-01-03,3,1,JANUARY,1,2024,WEDNESDAY,0
369,2024-01-04,4,1,JANUARY,1,2024,THURSDAY,0
370,2024-01-05,5,1,JANUARY,1,2024,FRIDAY,0
371,2024-01-06,6,1,JANUARY,1,2024,SATURDAY,1
372,2024-01-07,7,1,JANUARY,1,2024,SUNDAY,1
373,2024-01-08,8,1,JANUARY,1,2024,MONDAY,0
374,2024-01-09,9,1,JANUARY,1,2024,TUESDAY,0
375,2024-01-10,10,1,JANUARY,1,2024,WEDNESDAY,0
376,2024-01-11,11,1,JANUARY,1,2024,THURSDAY,0
377,2024-01-12,12,1,JANUARY,1,2024,FRIDAY,0
378,2024-01-13,13,1,JANUARY,1,2024,SATURDAY,1
379,2024-01-14,14,1,JANUARY,1,2024,SUNDAY,1
380,2024-01-15,15,1,JANUARY,1,2024,MONDAY,0
381,2024-01-16,16,1,JANUARY,1,2024,TUESDAY,0
382,2024-01-17,17,1,JANUARY,1,2024,WEDNESDAY,0
383,2024-01-18,18,1,JANUARY,1,2024,THURSDAY,0
384,2024-01-19,19,1,JANUARY,1,2024,FRIDAY,0
385,2024-01-20,20,1,JANUARY,1,2024,SATURDAY,1
386,2024-01-21,21,1,JANUARY,1,2024,SUNDAY,1
387,2024-01-22,22,1,JANUARY,1,2024,MONDAY,0
388,2024-01-23,23,1,JANUARY,1,2024,TUESDAY,0
389,2024-01-24,24,1,JANUARY,1,2024,WEDNESDAY,0
390,2024-01-25,25,1,JANUARY,1,2024,THURSDAY,0
391,2024-01-26,26,1,JANUARY,1,2024,FRIDAY,0
392,2024-01-27,27,1,JANUARY,1,2024,SATURDAY,1
393,2024-01-28,28,1,JANUARY,1,2024,SUNDAY,1
394,2024-01-29,29,1,JANUARY,1,2024,MONDAY,0
395,2024-01-30,30,1,JANUARY,1,2024,TUESDAY,0
396,2024-01-31,31,1,JANUARY,1,2024,WEDNESDAY,0
397,2024-02-01,1,2,FEBRUARY,1,2024,THURSDAY,0
398,2024-02-02,2,2,FEBRUARY,1,2024,FRIDAY,0
399,2024-02-03,3,2,FEBRUARY,1,2024,SATURDAY,1
400,2024-02-04,4,2,FEBRUARY,1,2024,SUNDAY,1
401,2024-02-05,5,2,FEBRUARY,1,2024,MONDAY,0
402,2024-02-06,6,2,FEBRUARY,1,2024,TUESDAY,0
403,2024-02-07,7,2,FEBRUARY,1,2024,WEDNESDAY,0
404,2024-02-08,8,2,FEBRUARY,1,2024,THURSDAY,0
405,2024-02-09,9,2,FEBRUARY,1,2024,FRIDAY,0
406,2024-02-10,10,2,FEBRUARY,1,2024,SATURDAY,1
407,2024-02-11,11,2,FEBRUARY,1,2024,SUNDAY,1
408,2024-02-12,12,2,FEBRUARY,1,2024,MONDAY,0
409,2024-02-13,13,2,FEBRUARY,1,2024,TUESDAY,0
410,2024-02-14,14,2,FEBRUARY,1,2024,WEDNESDAY,0
411,2024-02-15,15,2,FEBRUARY,1,2024,THURSDAY,0
412,2024-02-16,16,2,FEBRUARY,1,2024,FRIDAY,0
413,2024-02-17,17,2,FEBRUARY,1,2024,SATURDAY,1
414,2024-02-18,18,2,FEBRUARY,1,2024,SUNDAY,1
415,2024-02-19,19,2,FEBRUARY,1,2024,MONDAY,0
416,2024-02-20,20,2,FEBRUARY,1,2024,TUESDAY,0
417,2024-02-21,21,2,FEBRUARY,1,2024,WEDNESDAY,0
418,2024-02-22,22,2,FEBRUARY,1,2024,THURSDAY,0
419,2024-02-23,23,2,FEBRUARY,1,2024,FRIDAY,0
420,2024-02-24,24,2,FEBRUARY,1,2024,SATURDAY,1
421,2024-02-25,25,2,FEBRUARY,1,2024,SUNDAY,1
422,2024-02-26,26,2,FEBRUARY,1,2024,MONDAY,0
423,2024-02-27,27,2,FEBRUARY,1,2024,TUESDAY,0
424,2024-02-28,28,2,FEBRUARY,1,2024,WEDNESDAY,0
425,2024-02-29,29,2,FEBRUARY,1,2024,THURSDAY,0
426,2024-03-01,1,3,MARCH,1,2024,FRIDAY,0
427,2024-03-02,2,3,MARCH,1,2024,SATURDAY,1
428,2024-03-03,3,3,MARCH,1,2024,SUNDAY,1
429,2024-03-04,4,3,MARCH,1,2024,MONDAY,0
430,2024-03-05,5,3,MARCH,1,2024,TUESDAY,0
431,2024-03-06,6,3,MARCH,1,2024,WEDNESDAY,0
432,2024-03-07,7,3,MARCH,1,2024,THURSDAY,0
433,2024-03-08,8,3,MARCH,1,2024,FRIDAY,0
434,2024-03-09,9,3,MARCH,1,2024,SATURDAY,1
435,2024-03-10,10,3,MARCH,1,2024,SUNDAY,1
436,2024-03-11,11,3,MARCH,1,2024,MONDAY,0
437,2024-03-12,12,3,MARCH,1,2024,TUESDAY,0
438,2024-03-13,13,3,MARCH,1,2024,WEDNESDAY,0
439,2024-03-14,14,3,MARCH,1,2024,THURSDAY,0
440,2024-03-15,15,3,MARCH,1,2024,FRIDAY,0
441,2024-03-16,16,3,MARCH,1,2024,SATURDAY,1
442,2024-03-17,17,3,MARCH,1,2024,SUNDAY,1
443,2024-03-18,18,3,MARCH,1,2024,MONDAY,0
444,2024-03-19,19,3,MARCH,1,2024,TUESDAY,0
445,2024-03-20,20,3,MARCH,1,2024,WEDNESDAY,0
446,2024-03-21,21,3,MARCH,1,2024,THURSDAY,0
447,2024-03-22,22,3,MARCH,1,2024,FRIDAY,0
448,2024-03-23,23,3,MARCH,1,2024,SATURDAY,1
449,2024-03-24,24,3,MARCH,1,2024,SUNDAY,1
450,2024-03-25,25,3,MARCH,1,2024,MONDAY,0
451,2024-03-26,26,3,MARCH,1,2024,TUESDAY,0
452,2024-03-27,27,3,MARCH,1,2024,WEDNESDAY,0
453,2024-03-28,28,3,MARCH,1,2024,THURSDAY,0
454,2024-03-29,29,3,MARCH,1,2024,FRIDAY,0
455,2024-03-30,30,3,MARCH,1,2024,SATURDAY,1
456,2024-03-31,31,3,MARCH,1,2024,SUNDAY,1
457,2024-04-01,1,4,APRIL,2,2024,MONDAY,0
458,2024-04-02,2,4,APRIL,2,2024,TUESDAY,0
459,2024-04-03,3,4,APRIL,2,2024,WEDNESDAY,0
460,2024-04-04,4,4,APRIL,2,2024,THURSDAY,0
461,2024-04-05,5,4,APRIL,2,2024,FRIDAY,0
462,2024-04-06,6,4,APRIL,2,2024,SATURDAY,1
463,2024-04-07,7,4,APRIL,2,2024,SUNDAY,1
464,2024-04-08,8,4,APRIL,2,2024,MONDAY,0
465,2024-04-09,9,4,APRIL,2,2024,TUESDAY,0
466,2024-04-10,10,4,APRIL,2,2024,WEDNESDAY,0
467,2024-04-11,11,4,APRIL,2,2024,THURSDAY,0
468,2024-04-12,12,4,APRIL,2,2024,FRIDAY,0
469,2024-04-13,13,4,APRIL,2,2024,SATURDAY,1
470,2024-04-14,14,4,APRIL,2,2024,SUNDAY,1
471,2024-04-15,15,4,APRIL,2,2024,MONDAY,0
472,2024-04-16,16,4,APRIL,2,2024,TUESDAY,0
473,2024-04-17,17,4,APRIL,2,2024,WEDNESDAY,0
474,2024-04-18,18,4,APRIL,2,2024,THURSDAY,0
475,2024-04-19,19,4,APRIL,2,2024,FRIDAY,0
476,2024-04-20,20,4,APRIL,2,2024,SATURDAY,1
477,2024-04-21,21,4,APRIL,2,2024,SUNDAY,1
478,2024-04-22,22,4,APRIL,2,2024,MONDAY,0
479,2024-04-23,23,4,APRIL,2,2024,TUESDAY,0
480,2024-04-24,24,4,APRIL,2,2024,WEDNESDAY,0
481,2024-04-25,25,4,APRIL,2,2024,THURSDAY,0
482,2024-04-26,26,4,APRIL,2,2024,FRIDAY,0
483,2024-04-27,27,4,APRIL,2,2024,SATURDAY,1
484,2024-04-28,28,4,APRIL,2,2024,SUNDAY,1
485,2024-04-29,29,4,APRIL,2,2024,MONDAY,0
486,2024-04-30,30,4,APRIL,2,2024,TUESDAY,0
487,2024-05-01,1,5,MAY,2,2024,WEDNESDAY,0
488,2024-05-02,2,5,MAY,2,2024,THURSDAY,0
489,2024-05-03,3,5,MAY,2,2024,FRIDAY,0
490,2024-05-04,4,5,MAY,2,2024,SATURDAY,1
491,2024-05-05,5,5,MAY,2,2024,SUNDAY,1
492,2024-05-06,6,5,MAY,2,2024,MONDAY,0
493,2024-05-07,7,5,MAY,2,2024,TUESDAY,0
494,2024-05-08,8,5,MAY,2,2024,WEDNESDAY,0
495,2024-05-09,9,5,MAY,2,2024,THURSDAY,0
496,2024-05-10,10,5,MAY,2,2024,FRIDAY,0
497,2024-05-11,11,5,MAY,2,2024,SATURDAY,1
498,2024-05-12,12,5,MAY,2,2024,SUNDAY,1
499,2024-05-13,13,5,MAY,2,2024,MONDAY,0
500,2024-05-14,14,5,MAY,2,2024,TUESDAY,0
501,2024-05-15,15,5,MAY,2,2024,WEDNESDAY,0
502,2024-05-16,16,5,MAY,2,2024,THURSDAY,0
503,2024-05-17,17,5,MAY,2,2024,FRIDAY,0
504,2024-05-18,18,5,MAY,2,2024,SATURDAY,1
505,2024-05-19,19,5,MAY,2,2024,SUNDAY,1
506,2024-05-20,20,5,MAY,2,2024,MONDAY,0
507,2024-05-21,21,5,MAY,2,2024,TUESDAY,0
508,2024-05-22,22,5,MAY,2,2024,WEDNESDAY,0
509,2024-05-23,23,5,MAY,2,2024,THURSDAY,0
510,2024-05-24,24,5,MAY,2,2024,FRIDAY,0
511,2024-05-25,25,5,MAY,2,2024,SATURDAY,1
512,2024-05-26,26,5,MAY,2,2024,SUNDAY,1
513,2024-05-27,27,5,MAY,2,2024,MONDAY,0
514,2024-05-28,28,5,MAY,2,2024,TUESDAY,0
515,2024-05-29,29,5,MAY,2,2024,WEDNESDAY,0
516,2024-05-30,30,5,MAY,2,2024,THURSDAY,0
517,2024-05-31,31,5,MAY,2,2024,FRIDAY,0
518,2024-06-01,1,6,JUNE,2,2024,SATURDAY,1
519,2024-06-02,2,6,JUNE,2,2024,SUNDAY,1
520,2024-06-03,3,6,JUNE,2,2024,MONDAY,0
521,2024-06-04,4,6,JUNE,2,2024,TUESDAY,0
522,2024-06-05,5,6,JUNE,2,2024,WEDNESDAY,0
523,2024-06-06,6,6,JUNE,2,2024,THURSDAY,0
524,2024-06-07,7,6,JUNE,2,2024,FRIDAY,0
525,2024-06-08,8,6,JUNE,2,2024,SATURDAY,1
526,2024-06-09,9,6,JUNE,2,2024,SUNDAY,1
527,2024-06-10,10,6,JUNE,2,2024,MONDAY,0
528,2024-06-11,11,6,JUNE,2,2024,TUESDAY,0
529,2024-06-12,12,6,JUNE,2,2024,WEDNESDAY,0
530,2024-06-13,13,6,JUNE,2,2024,THURSDAY,0
531,2024-06-14,14,6,JUNE,2,2024,FRIDAY,0
532,2024-06-15,15,6,JUNE,2,2024,SATURDAY,1
533,2024-06-16,16,6,JUNE,2,2024,SUNDAY,1
534,2024-06-17,17,6,JUNE,2,2024,MONDAY,0
535,2024-06-18,18,6,JUNE,2,2024,TUESDAY,0
536,2024-06-19,19,6,JUNE,2,2024,WEDNESDAY,0
537,2024-06-20,20,6,JUNE,2,2024,THURSDAY,0
538,2024-06-21,21,6,JUNE,2,2024,FRIDAY,0
539,2024-06-22,22,6,JUNE,2,2024,SATURDAY,1
540,2024-06-23,23,6,JUNE,2,2024,SUNDAY,1
541,2024-06-24,24,6,JUNE,2,2024,MONDAY,0
542,2024-06-25,25,6,JUNE,2,2024,TUESDAY,0
543,2024-06-26,26,6,JUNE,2,2024,WEDNESDAY,0
544,2024-06-27,27,6,JUNE,2,2024,THURSDAY,0
545,2024-06-28,28,6,JUNE,2,2024,FRIDAY,0
546,2024-06-29,29,6,JUNE,2,2024,SATURDAY,1
547,2024-06-30,30,6,JUNE,2,2024,SUNDAY,1
548,2024-07-01,1,7,JULY,3,2024,MONDAY,0
549,2024-07-02,2,7,JULY,3,2024,TUESDAY,0
550,2024-07-03,3,7,JULY,3,2024,WEDNESDAY,0
551,2024-07-04,4,7,JULY,3,2024,THURSDAY,0
552,2024-07-05,5,7,JULY,3,2024,FRIDAY,0
553,2024-07-06,6,7,JULY,3,2024,SATURDAY,1
554,2024-07-07,7,7,JULY,3,2024,SUNDAY,1
555,2024-07-08,8,7,JULY,3,2024,MONDAY,0
556,2024-07-09,9,7,JULY,3,2024,TUESDAY,0
557,2024-07-10,10,7,JULY,3,2024,WEDNESDAY,0
558,2024-07-11,11,7,JULY,3,2024,THURSDAY,0
559,2024-07-12,12,7,JULY,3,2024,FRIDAY,0
560,2024-07-13,13,7,JULY,3,2024,SATURDAY,1
561,2024-07-14,14,7,JULY,3,2024,SUNDAY,1
562,2024-07-15,15,7,JULY,3,2024,MONDAY,0
563,2024-07-16,16,7,JULY,3,2024,TUESDAY,0
564,2024-07-17,17,7,JULY,3,2024,WEDNESDAY,0
565,2024-07-18,18,7,JULY,3,2024,THURSDAY,0
566,2024-07-19,19,7,JULY,3,2024,FRIDAY,0
567,2024-07-20,20,7,JULY,3,2024,SATURDAY,1
568,2024-07-21,21,7,JULY,3,2024,SUNDAY,1
569,2024-07-22,22,7,JULY,3,2024,MONDAY,0
570,2024-07-23,23,7,JULY,3,2024,TUESDAY,0
571,2024-07-24,24,7,JULY,3,2024,WEDNESDAY,0
572,2024-07-25,25,7,JULY,3,2024,THURSDAY,0
573,2024-07-26,26,7,JULY,3,2024,FRIDAY,0
574,2024-07-27,27,7,JULY,3,2024,SATURDAY,1
575,2024-07-28,28,7,JULY,3,2024,SUNDAY,1
576,2024-07-29,29,7,JULY,3,2024,MONDAY,0
577,2024-07-30,30,7,JULY,3,2024,TUESDAY,0
578,2024-07-31,31,7,JULY,3,2024,WEDNESDAY,0
579,2024-08-01,1,8,AUGUST,3,2024,THURSDAY,0
580,2024-08-02,2,8,AUGUST,3,2024,FRIDAY,0
581,2024-08-03,3,8,AUGUST,3,2024,SATURDAY,1
582,2024-08-04,4,8,AUGUST,3,2024,SUNDAY,1
583,2024-08-05,5,8,AUGUST,3,2024,MONDAY,0
584,2024-08-06,6,8,AUGUST,3,2024,TUESDAY,0
585,2024-08-07,7,8,AUGUST,3,2024,WEDNESDAY,0
586,2024-08-08,8,8,AUGUST,3,2024,THURSDAY,0
587,2024-08-09,9,8,AUGUST,3,2024,FRIDAY,0
588,2024-08-10,10,8,AUGUST,3,2024,SATURDAY,1
589,2024-08-11,11,8,AUGUST,3,2024,SUNDAY,1
590,2024-08-12,12,8,AUGUST,3,2024,MONDAY,0
591,2024-08-13,13,8,AUGUST,3,2024,TUESDAY,0
592,2024-08-14,14,8,AUGUST,3,2024,WEDNESDAY,0
593,2024-08-15,15,8,AUGUST,3,2024,THURSDAY,0
594,2024-08-16,16,8,AUGUST,3,2024,FRIDAY,0
595,2024-08-17,17,8,AUGUST,3,2024,SATURDAY,1
596,2024-08-18,18,8,AUGUST,3,2024,SUNDAY,1
597,2024-08-19,19,8,AUGUST,3,2024,MONDAY,0
598,2024-08-20,20,8,AUGUST,3,2024,TUESDAY,0
599,2024-08-21,21,8,AUGUST,3,2024,WEDNESDAY,0
600,2024-08-22,22,8,AUGUST,3,2024,THURSDAY,0
601,2024-08-23,23,8,AUGUST,3,2024,FRIDAY,0
602,2024-08-24,24,8,AUGUST,3,2024,SATURDAY,1
603,2024-08-25,25,8,AUGUST,3,2024,SUNDAY,1
604,2024-08-26,26,8,AUGUST,3,2024,MONDAY,0
605,2024-08-27,27,8,AUGUST,3,2024,TUESDAY,0
606,2024-08-28,28,8,AUGUST,3,2024,WEDNESDAY,0
607,2024-08-29,29,8,AUGUST,3,2024,THURSDAY,0
608,2024-08-30,30,8,AUGUST,3,2024,FRIDAY,0
609,2024-08-31,31,8,AUGUST,3,2024,SATURDAY,1
610,2024-09-01,1,9,SEPTEMBER,3,2024,SUNDAY,1
611,2024-09-02,2,9,SEPTEMBER,3,2024,MONDAY,0
612,2024-09-03,3,9,SEPTEMBER,3,2024,TUESDAY,0
613,2024-09-04,4,9,SEPTEMBER,3,2024,WEDNESDAY,0
614,2024-09-05,5,9,SEPTEMBER,3,2024,THURSDAY,0
615,2024-09-06,6,9,SEPTEMBER,3,2024,FRIDAY,0
616,2024-09-07,7,9,SEPTEMBER,3,2024,SATURDAY,1
617,2024-09-08,8,9,SEPTEMBER,3,2024,SUNDAY,1
618,2024-09-09,9,9,SEPTEMBER,3,2024,MONDAY,0
619,2024-09-10,10,9,SEPTEMBER,3,2024,TUESDAY,0
620,2024-09-11,11,9,SEPTEMBER,3,2024,WEDNESDAY,0
621,2024-09-12,12,9,SEPTEMBER,3,2024,THURSDAY,0
622,2024-09-13,13,9,SEPTEMBER,3,2024,FRIDAY,0
623,2024-09-14,14,9,SEPTEMBER,3,2024,SATURDAY,1
624,2024-09-15,15,9,SEPTEMBER,3,2024,SUNDAY,1
625,2024-09-16,16,9,SEPTEMBER,3,2024,MONDAY,0
626,2024-09-17,17,9,SEPTEMBER,3,2024,TUESDAY,0
627,2024-09-18,18,9,SEPTEMBER,3,2024,WEDNESDAY,0
628,2024-09-19,19,9,SEPTEMBER,3,2024,THURSDAY,0
629,2024-09-20,20,9,SEPTEMBER,3,2024,FRIDAY,0
630,2024-09-21,21,9,SEPTEMBER,3,2024,SATURDAY,1
631,2024-09-22,22,9,SEPTEMBER,3,2024,SUNDAY,1
632,2024-09-23,23,9,SEPTEMBER,3,2024,MONDAY,0
633,2024-09-24,24,9,SEPTEMBER,3,2024,TUESDAY,0
634,2024-09-25,25,9,SEPTEMBER,3,2024,WEDNESDAY,0
635,2024-09-26,26,9,SEPTEMBER,3,2024,THURSDAY,0
636,2024-09-27,27,9,SEPTEMBER,3,2024,FRIDAY,0
637,2024-09-28,28,9,SEPTEMBER,3,2024,SATURDAY,1
638,2024-09-29,29,9,SEPTEMBER,3,2024,SUNDAY,1
639,2024-09-30,30,9,SEPTEMBER,3,2024,MONDAY,0
640,2024-10-01,1,10,OCTOBER,4,2024,TUESDAY,0
641,2024-10-02,2,10,OCTOBER,4,2024,WEDNESDAY,0
642,2024-10-03,3,10,OCTOBER,4,2024,THURSDAY,0
643,2024-10-04,4,10,OCTOBER,4,2024,FRIDAY,0
644,2024-10-05,5,10,OCTOBER,4,2024,SATURDAY,1
645,2024-10-06,6,10,OCTOBER,4,2024,SUNDAY,1
646,2024-10-07,7,10,OCTOBER,4,2024,MONDAY,0
647,2024-10-08,8,10,OCTOBER,4,2024,TUESDAY,0
648,2024-10-09,9,10,OCTOBER,4,2024,WEDNESDAY,0
649,2024-10-10,10,10,OCTOBER,4,2024,THURSDAY,0
650,2024-10-11,11,10,OCTOBER,4,2024,FRIDAY,0
651,2024-10-12,12,10,OCTOBER,4,2024,SATURDAY,1
652,2024-10-13,13,10,OCTOBER,4,2024,SUNDAY,1
653,2024-10-14,14,10,OCTOBER,4,2024,MONDAY,0
654,2024-10-15,15,10,OCTOBER,4,2024,TUESDAY,0
655,2024-10-16,16,10,OCTOBER,4,2024,WEDNESDAY,0
656,2024-10-17,17,10,OCTOBER,4,2024,THURSDAY,0
657,2024-10-18,18,10,OCTOBER,4,2024,FRIDAY,0
658,2024-10-19,19,10,OCTOBER,4,2024,SATURDAY,1
659,2024-10-20,20,10,OCTOBER,4,2024,SUNDAY,1
660,2024-10-21,21,10,OCTOBER,4,2024,MONDAY,0
661,2024-10-22,22,10,OCTOBER,4,2024,TUESDAY,0
662,2024-10-23,23,10,OCTOBER,4,2024,WEDNESDAY,0
663,2024-10-24,24,10,OCTOBER,4,2024,THURSDAY,0
664,2024-10-25,25,10,OCTOBER,4,2024,FRIDAY,0
665,2024-10-26,26,10,OCTOBER,4,2024,SATURDAY,1
666,2024-10-27,27,10,OCTOBER,4,2024,SUNDAY,1
667,2024-10-28,28,10,OCTOBER,4,2024,MONDAY,0
668,2024-10-29,29,10,OCTOBER,4,2024,TUESDAY,0
669,2024-10-30,30,10,OCTOBER,4,2024,WEDNESDAY,0
670,2024-10-31,31,10,OCTOBER,4,2024,THURSDAY,0
671,2024-11-01,1,11,NOVEMBER,4,2024,FRIDAY,0
672,2024-11-02,2,11,NOVEMBER,4,2024,SATURDAY,1
673,2024-11-03,3,11,NOVEMBER,4,2024,SUNDAY,1
674,2024-11-04,4,11,NOVEMBER,4,2024,MONDAY,0
675,2024-11-05,5,11,NOVEMBER,4,2024,TUESDAY,0
676,2024-11-06,6,11,NOVEMBER,4,2024,WEDNESDAY,0
677,2024-11-07,7,11,NOVEMBER,4,2024,THURSDAY,0
678,2024-11-08,8,11,NOVEMBER,4,2024,FRIDAY,0
679,2024-11-09,9,11,NOVEMBER,4,2024,SATURDAY,1
680,2024-11-10,10,11,NOVEMBER,4,2024,SUNDAY,1
681,2024-11-11,11,11,NOVEMBER,4,2024,MONDAY,0
682,2024-11-12,12,11,NOVEMBER,4,2024,TUESDAY,0
683,2024-11-13,13,11,NOVEMBER,4,2024,WEDNESDAY,0
684,2024-11-14,14,11,NOVEMBER,4,2024,THURSDAY,0
685,2024-11-15,15,11,NOVEMBER,4,2024,FRIDAY,0
686,2024-11-16,16,11,NOVEMBER,4,2024,SATURDAY,1
687,2024-11-17,17,11,NOVEMBER,4,2024,SUNDAY,1
688,2024-11-18,18,11,NOVEMBER,4,2024,MONDAY,0
689,2024-11-19,19,11,NOVEMBER,4,2024,TUESDAY,0
690,2024-11-20,20,11,NOVEMBER,4,2024,WEDNESDAY,0
691,2024-11-21,21,11,NOVEMBER,4,2024,THURSDAY,0
692,2024-11-22,22,11,NOVEMBER,4,2024,FRIDAY,0
693,2024-11-23,23,11,NOVEMBER,4,2024,SATURDAY,1
694,2024-11-24,24,11,NOVEMBER,4,2024,SUNDAY,1
695,2024-11-25,25,11,NOVEMBER,4,2024,MONDAY,0
696,2024-11-26,26,11,NOVEMBER,4,2024,TUESDAY,0
697,2024-11-27,27,11,NOVEMBER,4,2024,WEDNESDAY,0
698,2024-11-28,28,11,NOVEMBER,4,2024,THURSDAY,0
699,2024-11-29,29,11,NOVEMBER,4,2024,FRIDAY,0
700,2024-11-30,30,11,NOVEMBER,4,2024,SATURDAY,1
701,2024-12-01,1,12,DECEMBER,4,2024,SUNDAY,1
702,2024-12-02,2,12,DECEMBER,4,2024,MONDAY,0
703,2024-12-03,3,12,DECEMBER,4,2024,TUESDAY,0
704,2024-12-04,4,12,DECEMBER,4,2024,WEDNESDAY,0
705,2024-12-05,5,12,DECEMBER,4,2024,THURSDAY,0
706,2024-12-06,6,12,DECEMBER,4,2024,FRIDAY,0
707,2024-12-07,7,12,DECEMBER,4,2024,SATURDAY,1
708,2024-12-08,8,12,DECEMBER,4,2024,SUNDAY,1
709,2024-12-09,9,12,DECEMBER,4,2024,MONDAY,0
710,2024-12-10,10,12,DECEMBER,4,2024,TUESDAY,0
711,2024-12-11,11,12,DECEMBER,4,2024,WEDNESDAY,0
712,2024-12-12,12,12,DECEMBER,4,2024,THURSDAY,0
713,2024-12-13,13,12,DECEMBER,4,2024,FRIDAY,0
714,2024-12-14,14,12,DECEMBER,4,2024,SATURDAY,1
715,2024-12-15,15,12,DECEMBER,4,2024,SUNDAY,1
716,2024-12-16,16,12,DECEMBER,4,2024,MONDAY,0
717,2024-12-17,17,12,DECEMBER,4,2024,TUESDAY,0
718,2024-12-18,18,12,DECEMBER,4,2024,WEDNESDAY,0
719,2024-12-19,19,12,DECEMBER,4,2024,THURSDAY,0
720,2024-12-20,20,12,DECEMBER,4,2024,FRIDAY,0
721,2024-12-21,21,12,DECEMBER,4,2024,SATURDAY,1
722,2024-12-22,22,12,DECEMBER,4,2024,SUNDAY,1
723,2024-12-23,23,12,DECEMBER,4,2024,MONDAY,0
724,2024-12-24,24,12,DECEMBER,4,2024,TUESDAY,0
725,2024-12-25,25,12,DECEMBER,4,2024,WEDNESDAY,0
726,2024-12-26,26,12,DECEMBER,4,2024,THURSDAY,0
727,2024-12-27,27,12,DECEMBER,4,2024,FRIDAY,0
728,2024-12-28,28,12,DECEMBER,4,2024,SATURDAY,1
729,2024-12-29,29,12,DECEMBER,4,2024,SUNDAY,1
730,2024-12-30,30,12,DECEMBER,4,2024,MONDAY,0
731,2024-12-31,31,12,DECEMBER,4,2024,TUESDAY,0
732,2025-01-01,1,1,JANUARY,1,2025,WEDNESDAY,0
733,2025-01-02,2,1,JANUARY,1,2025,THURSDAY,0
734,2025-01-03,3,1,JANUARY,1,2025,FRIDAY,0
735,2025-01-04,4,1,JANUARY,1,2025,SATURDAY,1
736,2025-01-05,5,1,JANUARY,1,2025,SUNDAY,1
737,2025-01-06,6,1,JANUARY,1,2025,MONDAY,0
738,2025-01-07,7,1,JANUARY,1,2025,TUESDAY,0
739,2025-01-08,8,1,JANUARY,1,2025,WEDNESDAY,0
740,2025-01-09,9,1,JANUARY,1,2025,THURSDAY,0
741,2025-01-10,10,1,JANUARY,1,2025,FRIDAY,0
742,2025-01-11,11,1,JANUARY,1,2025,SATURDAY,1
743,2025-01-12,12,1,JANUARY,1,2025,SUNDAY,1
744,2025-01-13,13,1,JANUARY,1,2025,MONDAY,0
745,2025-01-14,14,1,JANUARY,1,2025,TUESDAY,0
746,2025-01-15,15,1,JANUARY,1,2025,WEDNESDAY,0
747,2025-01-16,16,1,JANUARY,1,2025,THURSDAY,0
748,2025-01-17,17,1,JANUARY,1,2025,FRIDAY,0
749,2025-01-18,18,1,JANUARY,1,2025,SATURDAY,1
750,2025-01-19,19,1,JANUARY,1,2025,SUNDAY,1
751,2025-01-20,20,1,JANUARY,1,2025,MONDAY,0
752,2025-01-21,21,1,JANUARY,1,2025,TUESDAY,0
753,2025-01-22,22,1,JANUARY,1,2025,WEDNESDAY,0
754,2025-01-23,23,1,JANUARY,1,2025,THURSDAY,0
755,2025-01-24,24,1,JANUARY,1,2025,FRIDAY,0
756,2025-01-25,25,1,JANUARY,1,2025,SATURDAY,1
757,2025-01-26,26,1,JANUARY,1,2025,SUNDAY,1
758,2025-01-27,27,1,JANUARY,1,2025,MONDAY,0
759,2025-01-28,28,1,JANUARY,1,2025,TUESDAY,0
760,2025-01-29,29,1,JANUARY,1,2025,WEDNESDAY,0
761,2025-01-30,30,1,JANUARY,1,2025,THURSDAY,0
762,2025-01-31,31,1,JANUARY,1,2025,FRIDAY,0
763,2025-02-01,1,2,FEBRUARY,1,2025,SATURDAY,1
764,2025-02-02,2,2,FEBRUARY,1,2025,SUNDAY,1
765,2025-02-03,3,2,FEBRUARY,1,2025,MONDAY,0
766,2025-02-04,4,2,FEBRUARY,1,2025,TUESDAY,0
767,2025-02-05,5,2,FEBRUARY,1,2025,WEDNESDAY,0
768,2025-02-06,6,2,FEBRUARY,1,2025,THURSDAY,0
769,2025-02-07,7,2,FEBRUARY,1,2025,FRIDAY,0
770,2025-02-08,8,2,FEBRUARY,1,2025,SATURDAY,1
771,2025-02-09,9,2,FEBRUARY,1,2025,SUNDAY,1
772,2025-02-10,10,2,FEBRUARY,1,2025,MONDAY,0
773,2025-02-11,11,2,FEBRUARY,1,2025,TUESDAY,0
774,2025-02-12,12,2,FEBRUARY,1,2025,WEDNESDAY,0
775,2025-02-13,13,2,FEBRUARY,1,2025,THURSDAY,0
776,2025-02-14,14,2,FEBRUARY,1,2025,FRIDAY,0
777,2025-02-15,15,2,FEBRUARY,1,2025,SATURDAY,1
778,2025-02-16,16,2,FEBRUARY,1,2025,SUNDAY,1
779,2025-02-17,17,2,FEBRUARY,1,2025,MONDAY,0
780,2025-02-18,18,2,FEBRUARY,1,2025,TUESDAY,0
781,2025-02-19,19,2,FEBRUARY,1,2025,WEDNESDAY,0
782,2025-02-20,20,2,FEBRUARY,1,2025,THURSDAY,0
783,2025-02-21,21,2,FEBRUARY,1,2025,FRIDAY,0
784,2025-02-22,22,2,FEBRUARY,1,2025,SATURDAY,1
785,2025-02-23,23,2,FEBRUARY,1,2025,SUNDAY,1
786,2025-02-24,24,2,FEBRUARY,1,2025,MONDAY,0
787,2025-02-25,25,2,FEBRUARY,1,2025,TUESDAY,0
788,2025-02-26,26,2,FEBRUARY,1,2025,WEDNESDAY,0
789,2025-02-27,27,2,FEBRUARY,1,2025,THURSDAY,0
790,2025-02-28,28,2,FEBRUARY,1,2025,FRIDAY,0
791,2025-03-01,1,3,MARCH,1,2025,SATURDAY,1
792,2025-03-02,2,3,MARCH,1,2025,SUNDAY,1
793,2025-03-03,3,3,MARCH,1,2025,MONDAY,0
794,2025-03-04,4,3,MARCH,1,2025,TUESDAY,0
795,2025-03-05,5,3,MARCH,1,2025,WEDNESDAY,0
796,2025-03-06,6,3,MARCH,1,2025,THURSDAY,0
797,2025-03-07,7,3,MARCH,1,2025,FRIDAY,0
798,2025-03-08,8,3,MARCH,1,2025,SATURDAY,1
799,2025-03-09,9,3,MARCH,1,2025,SUNDAY,1
800,2025-03-10,10,3,MARCH,1,2025,MONDAY,0
801,2025-03-11,11,3,MARCH,1,2025,TUESDAY,0
802,2025-03-12,12,3,MARCH,1,2025,WEDNESDAY,0
803,2025-03-13,13,3,MARCH,1,2025,THURSDAY,0
804,2025-03-14,14,3,MARCH,1,2025,FRIDAY,0
805,2025-03-15,15,3,MARCH,1,2025,SATURDAY,1
806,2025-03-16,16,3,MARCH,1,2025,SUNDAY,1
807,2025-03-17,17,3,MARCH,1,2025,MONDAY,0
808,2025-03-18,18,3,MARCH,1,2025,TUESDAY,0
809,2025-03-19,19,3,MARCH,1,2025,WEDNESDAY,0
810,2025-03-20,20,3,MARCH,1,2025,THURSDAY,0
811,2025-03-21,21,3,MARCH,1,2025,FRIDAY,0
812,2025-03-22,22,3,MARCH,1,2025,SATURDAY,1
813,2025-03-23,23,3,MARCH,1,2025,SUNDAY,1
814,2025-03-24,24,3,MARCH,1,2025,MONDAY,0
815,2025-03-25,25,3,MARCH,1,2025,TUESDAY,0
816,2025-03-26,26,3,MARCH,1,2025,WEDNESDAY,0
817,2025-03-27,27,3,MARCH,1,2025,THURSDAY,0
818,2025-03-28,28,3,MARCH,1,2025,FRIDAY,0
819,2025-03-29,29,3,MARCH,1,2025,SATURDAY,1
820,2025-03-30,30,3,MARCH,1,2025,SUNDAY,1
821,2025-03-31,31,3,MARCH,1,2025,MONDAY,0
822,2025-04-01,1,4,APRIL,2,2025,TUESDAY,0
823,2025-04-02,2,4,APRIL,2,2025,WEDNESDAY,0
824,2025-04-03,3,4,APRIL,2,2025,THURSDAY,0
825,2025-04-04,4,4,APRIL,2,2025,FRIDAY,0
826,2025-04-05,5,4,APRIL,2,2025,SATURDAY,1
827,2025-04-06,6,4,APRIL,2,2025,SUNDAY,1
828,2025-04-07,7,4,APRIL,2,2025,MONDAY,0
829,2025-04-08,8,4,APRIL,2,2025,TUESDAY,0
830,2025-04-09,9,4,APRIL,2,2025,WEDNESDAY,0
831,2025-04-10,10,4,APRIL,2,2025,THURSDAY,0
832,2025-04-11,11,4,APRIL,2,2025,FRIDAY,0
833,2025-04-12,12,4,APRIL,2,2025,SATURDAY,1
834,2025-04-13,13,4,APRIL,2,2025,SUNDAY,1
835,2025-04-14,14,4,APRIL,2,2025,MONDAY,0
836,2025-04-15,15,4,APRIL,2,2025,TUESDAY,0
837,2025-04-16,16,4,APRIL,2,2025,WEDNESDAY,0
838,2025-04-17,17,4,APRIL,2,2025,THURSDAY,0
839,2025-04-18,18,4,APRIL,2,2025,FRIDAY,0
840,2025-04-19,19,4,APRIL,2,2025,SATURDAY,1
841,2025-04-20,20,4,APRIL,2,2025,SUNDAY,1
842,2025-04-21,21,4,APRIL,2,2025,MONDAY,0
843,2025-04-22,22,4,APRIL,2,2025,TUESDAY,0
844,2025-04-23,23,4,APRIL,2,2025,WEDNESDAY,0
845,2025-04-24,24,4,APRIL,2,2025,THURSDAY,0
846,2025-04-25,25,4,APRIL,2,2025,FRIDAY,0
847,2025-04-26,26,4,APRIL,2,2025,SATURDAY,1
848,2025-04-27,27,4,APRIL,2,2025,SUNDAY,1
849,2025-04-28,28,4,APRIL,2,2025,MONDAY,0
850,2025-04-29,29,4,APRIL,2,2025,TUESDAY,0
851,2025-04-30,30,4,APRIL,2,2025,WEDNESDAY,0
852,2025-05-01,1,5,MAY,2,2025,THURSDAY,0
853,2025-05-02,2,5,MAY,2,2025,FRIDAY,0
854,2025-05-03,3,5,MAY,2,2025,SATURDAY,1
855,2025-05-04,4,5,MAY,2,2025,SUNDAY,1
856,2025-05-05,5,5,MAY,2,2025,MONDAY,0
857,2025-05-06,6,5,MAY,2,2025,TUESDAY,0
858,2025-05-07,7,5,MAY,2,2025,WEDNESDAY,0
859,2025-05-08,8,5,MAY,2,2025,THURSDAY,0
860,2025-05-09,9,5,MAY,2,2025,FRIDAY,0
861,2025-05-10,10,5,MAY,2,2025,SATURDAY,1
862,2025-05-11,11,5,MAY,2,2025,SUNDAY,1
863,2025-05-12,12,5,MAY,2,2025,MONDAY,0
864,2025-05-13,13,5,MAY,2,2025,TUESDAY,0
865,2025-05-14,14,5,MAY,2,2025,WEDNESDAY,0
866,2025-05-15,15,5,MAY,2,2025,THURSDAY,0
867,2025-05-16,16,5,MAY,2,2025,FRIDAY,0
868,2025-05-17,17,5,MAY,2,2025,SATURDAY,1
869,2025-05-18,18,5,MAY,2,2025,SUNDAY,1
870,2025-05-19,19,5,MAY,2,2025,MONDAY,0
871,2025-05-20,20,5,MAY,2,2025,TUESDAY,0
872,2025-05-21,21,5,MAY,2,2025,WEDNESDAY,0
873,2025-05-22,22,5,MAY,2,2025,THURSDAY,0
874,2025-05-23,23,5,MAY,2,2025,FRIDAY,0
875,2025-05-24,24,5,MAY,2,2025,SATURDAY,1
876,2025-05-25,25,5,MAY,2,2025,SUNDAY,1
877,2025-05-26,26,5,MAY,2,2025,MONDAY,0
878,2025-05-27,27,5,MAY,2,2025,TUESDAY,0
879,2025-05-28,28,5,MAY,2,2025,WEDNESDAY,0
880,2025-05-29,29,5,MAY,2,2025,THURSDAY,0
881,2025-05-30,30,5,MAY,2,2025,FRIDAY,0
882,2025-05-31,31,5,MAY,2,2025,SATURDAY,1
883,2025-06-01,1,6,JUNE,2,2025,SUNDAY,1
884,2025-06-02,2,6,JUNE,2,2025,MONDAY,0
885,2025-06-03,3,6,JUNE,2,2025,TUESDAY,0
886,2025-06-04,4,6,JUNE,2,2025,WEDNESDAY,0
887,2025-06-05,5,6,JUNE,2,2025,THURSDAY,0
888,2025-06-06,6,6,JUNE,2,2025,FRIDAY,0
889,2025-06-07,7,6,JUNE,2,2025,SATURDAY,1
890,2025-06-08,8,6,JUNE,2,2025,SUNDAY,1
891,2025-06-09,9,6,JUNE,2,2025,MONDAY,0
892,2025-06-10,10,6,JUNE,2,2025,TUESDAY,0
893,2025-06-11,11,6,JUNE,2,2025,WEDNESDAY,0
894,2025-06-12,12,6,JUNE,2,2025,THURSDAY,0
895,2025-06-13,13,6,JUNE,2,2025,FRIDAY,0
896,2025-06-14,14,6,JUNE,2,2025,SATURDAY,1
897,2025-06-15,15,6,JUNE,2,2025,SUNDAY,1
898,2025-06-16,16,6,JUNE,2,2025,MONDAY,0
899,2025-06-17,17,6,JUNE,2,2025,TUESDAY,0
900,2025-06-18,18,6,JUNE,2,2025,WEDNESDAY,0
901,2025-06-19,19,6,JUNE,2,2025,THURSDAY,0
902,2025-06-20,20,6,JUNE,2,2025,FRIDAY,0
903,2025-06-21,21,6,JUNE,2,2025,SATURDAY,1
904,2025-06-22,22,6,JUNE,2,2025,SUNDAY,1
905,2025-06-23,23,6,JUNE,2,2025,MONDAY,0
906,2025-06-24,24,6,JUNE,2,2025,TUESDAY,0
907,2025-06-25,25,6,JUNE,2,2025,WEDNESDAY,0
908,2025-06-26,26,6,JUNE,2,2025,THURSDAY,0
909,2025-06-27,27,6,JUNE,2,2025,FRIDAY,0
910,2025-06-28,28,6,JUNE,2,2025,SATURDAY,1
911,2025-06-29,29,6,JUNE,2,2025,SUNDAY,1
912,2025-06-30,30,6,JUNE,2,2025,MONDAY,0
913,2025-07-01,1,7,JULY,3,2025,TUESDAY,0
914,2025-07-02,2,7,JULY,3,2025,WEDNESDAY,0
915,2025-07-03,3,7,JULY,3,2025,THURSDAY,0
916,2025-07-04,4,7,JULY,3,2025,FRIDAY,0
917,2025-07-05,5,7,JULY,3,2025,SATURDAY,1
918,2025-07-06,6,7,JULY,3,2025,SUNDAY,1
919,2025-07-07,7,7,JULY,3,2025,MONDAY,0
920,2025-07-08,8,7,JULY,3,2025,TUESDAY,0
921,2025-07-09,9,7,JULY,3,2025,WEDNESDAY,0
922,2025-07-10,10,7,JULY,3,2025,THURSDAY,0
923,2025-07-11,11,7,JULY,3,2025,FRIDAY,0
924,2025-07-12,12,7,JULY,3,2025,SATURDAY,1
925,2025-07-13,13,7,JULY,3,2025,SUNDAY,1
926,2025-07-14,14,7,JULY,3,2025,MONDAY,0
927,2025-07-15,15,7,JULY,3,2025,TUESDAY,0
928,2025-07-16,16,7,JULY,3,2025,WEDNESDAY,0
929,2025-07-17,17,7,JULY,3,2025,THURSDAY,0
930,2025-07-18,18,7,JULY,3,2025,FRIDAY,0
931,2025-07-19,19,7,JULY,3,2025,SATURDAY,1
932,2025-07-20,20,7,JULY,3,2025,SUNDAY,1
933,2025-07-21,21,7,JULY,3,2025,MONDAY,0
934,2025-07-22,22,7,JULY,3,2025,TUESDAY,0
935,2025-07-23,23,7,JULY,3,2025,WEDNESDAY,0
936,2025-07-24,24,7,JULY,3,2025,THURSDAY,0
937,2025-07-25,25,7,JULY,3,2025,FRIDAY,0
938,2025-07-26,26,7,JULY,3,2025,SATURDAY,1
939,2025-07-27,27,7,JULY,3,2025,SUNDAY,1
940,2025-07-28,28,7,JULY,3,2025,MONDAY,0
941,2025-07-29,29,7,JULY,3,2025,TUESDAY,0
942,2025-07-30,30,7,JULY,3,2025,WEDNESDAY,0
943,2025-07-31,31,7,JULY,3,2025,THURSDAY,0
944,2025-08-01,1,8,AUGUST,3,2025,FRIDAY,0
945,2025-08-02,2,8,AUGUST,3,2025,SATURDAY,1
946,2025-08-03,3,8,AUGUST,3,2025,SUNDAY,1
947,2025-08-04,4,8,AUGUST,3,2025,MONDAY,0
948,2025-08-05,5,8,AUGUST,3,2025,TUESDAY,0
949,2025-08-06,6,8,AUGUST,3,2025,WEDNESDAY,0
950,2025-08-07,7,8,AUGUST,3,2025,THURSDAY,0
951,2025-08-08,8,8,AUGUST,3,2025,FRIDAY,0
952,2025-08-09,9,8,AUGUST,3,2025,SATURDAY,1
953,2025-08-10,10,8,AUGUST,3,2025,SUNDAY,1
954,2025-08-11,11,8,AUGUST,3,2025,MONDAY,0
955,2025-08-12,12,8,AUGUST,3,2025,TUESDAY,0
956,2025-08-13,13,8,AUGUST,3,2025,WEDNESDAY,0
957,2025-08-14,14,8,AUGUST,3,2025,THURSDAY,0
958,2025-08-15,15,8,AUGUST,3,2025,FRIDAY,0
959,2025-08-16,16,8,AUGUST,3,2025,SATURDAY,1
960,2025-08-17,17,8,AUGUST,3,2025,SUNDAY,1
961,2025-08-18,18,8,AUGUST,3,2025,MONDAY,0
962,2025-08-19,19,8,AUGUST,3,2025,TUESDAY,0
963,2025-08-20,20,8,AUGUST,3,2025,WEDNESDAY,0
964,2025-08-21,21,8,AUGUST,3,2025,THURSDAY,0
965,2025-08-22,22,8,AUGUST,3,2025,FRIDAY,0
966,2025-08-23,23,8,AUGUST,3,2025,SATURDAY,1
967,2025-08-24,24,8,AUGUST,3,2025,SUNDAY,1
968,2025-08-25,25,8,AUGUST,3,2025,MONDAY,0
969,2025-08-26,26,8,AUGUST,3,2025,TUESDAY,0
970,2025-08-27,27,8,AUGUST,3,2025,WEDNESDAY,0
971,2025-08-28,28,8,AUGUST,3,2025,THURSDAY,0
972,2025-08-29,29,8,AUGUST,3,2025,FRIDAY,0
973,2025-08-30,30,8,AUGUST,3,2025,SATURDAY,1
974,2025-08-31,31,8,AUGUST,3,2025,SUNDAY,1
975,2025-09-01,1,9,SEPTEMBER,3,2025,MONDAY,0
976,2025-09-02,2,9,SEPTEMBER,3,2025,TUESDAY,0
977,2025-09-03,3,9,SEPTEMBER,3,2025,WEDNESDAY,0
978,2025-09-04,4,9,SEPTEMBER,3,2025,THURSDAY,0
979,2025-09-05,5,9,SEPTEMBER,3,2025,FRIDAY,0
980,2025-09-06,6,9,SEPTEMBER,3,2025,SATURDAY,1
981,2025-09-07,7,9,SEPTEMBER,3,2025,SUNDAY,1
982,2025-09-08,8,9,SEPTEMBER,3,2025,MONDAY,0
983,2025-09-09,9,9,SEPTEMBER,3,2025,TUESDAY,0
984,2025-09-10,10,9,SEPTEMBER,3,2025,WEDNESDAY,0
985,2025-09-11,11,9,SEPTEMBER,3,2025,THURSDAY,0
986,2025-09-12,12,9,SEPTEMBER,3,2025,FRIDAY,0
987,2025-09-13,13,9,SEPTEMBER,3,2025,SATURDAY,1
988,2025-09-14,14,9,SEPTEMBER,3,2025,SUNDAY,1
989,2025-09-15,15,9,SEPTEMBER,3,2025,MONDAY,0
990,2025-09-16,16,9,SEPTEMBER,3,2025,TUESDAY,0
991,2025-09-17,17,9,SEPTEMBER,3,2025,WEDNESDAY,0
992,2025-09-18,18,9,SEPTEMBER,3,2025,THURSDAY,0
993,2025-09-19,19,9,SEPTEMBER,3,2025,FRIDAY,0
994,2025-09-20,20,9,SEPTEMBER,3,2025,SATURDAY,1
995,2025-09-21,21,9,SEPTEMBER,3,2025,SUNDAY,1
996,2025-09-22,22,9,SEPTEMBER,3,2025,MONDAY,0
997,2025-09-23,23,9,SEPTEMBER,3,2025,TUESDAY,0
998,2025-09-24,24,9,SEPTEMBER,3,2025,WEDNESDAY,0
999,2025-09-25,25,9,SEPTEMBER,3,2025,THURSDAY,0
1000,2025-09-26,26,9,SEPTEMBER,3,2025,FRIDAY,0
1001,2025-09-27,27,9,SEPTEMBER,3,2025,SATURDAY,1
1002,2025-09-28,28,9,SEPTEMBER,3,2025,SUNDAY,1
1003,2025-09-29,29,9,SEPTEMBER,3,2025,MONDAY,0
1004,2025-09-30,30,9,SEPTEMBER,3,2025,TUESDAY,0
1005,2025-10-01,1,10,OCTOBER,4,2025,WEDNESDAY,0
1006,2025-10-02,2,10,OCTOBER,4,2025,THURSDAY,0
1007,2025-10-03,3,10,OCTOBER,4,2025,FRIDAY,0
1008,2025-10-04,4,10,OCTOBER,4,2025,SATURDAY,1
1009,2025-10-05,5,10,OCTOBER,4,2025,SUNDAY,1
1010,2025-10-06,6,10,OCTOBER,4,2025,MONDAY,0
1011,2025-10-07,7,10,OCTOBER,4,2025,TUESDAY,0
1012,2025-10-08,8,10,OCTOBER,4,2025,WEDNESDAY,0
1013,2025-10-09,9,10,OCTOBER,4,2025,THURSDAY,0
1014,2025-10-10,10,10,OCTOBER,4,2025,FRIDAY,0
1015,2025-10-11,11,10,OCTOBER,4,2025,SATURDAY,1
1016,2025-10-12,12,10,OCTOBER,4,2025,SUNDAY,1
1017,2025-10-13,13,10,OCTOBER,4,2025,MONDAY,0
1018,2025-10-14,14,10,OCTOBER,4,2025,TUESDAY,0
1019,2025-10-15,15,10,OCTOBER,4,2025,WEDNESDAY,0
1020,2025-10-16,16,10,OCTOBER,4,2025,THURSDAY,0
1021,2025-10-17,17,10,OCTOBER,4,2025,FRIDAY,0
1022,2025-10-18,18,10,OCTOBER,4,2025,SATURDAY,1
1023,2025-10-19,19,10,OCTOBER,4,2025,SUNDAY,1
1024,2025-10-20,20,10,OCTOBER,4,2025,MONDAY,0
1025,2025-10-21,21,10,OCTOBER,4,2025,TUESDAY,0
1026,2025-10-22,22,10,OCTOBER,4,2025,WEDNESDAY,0
1027,2025-10-23,23,10,OCTOBER,4,2025,THURSDAY,0
1028,2025-10-24,24,10,OCTOBER,4,2025,FRIDAY,0
1029,2025-10-25,25,10,OCTOBER,4,2025,SATURDAY,1
1030,2025-10-26,26,10,OCTOBER,4,2025,SUNDAY,1
1031,2025-10-27,27,10,OCTOBER,4,2025,MONDAY,0
1032,2025-10-28,28,10,OCTOBER,4,2025,TUESDAY,0
1033,2025-10-29,29,10,OCTOBER,4,2025,WEDNESDAY,0
1034,2025-10-30,30,10,OCTOBER,4,2025,THURSDAY,0
1035,2025-10-31,31,10,OCTOBER,4,2025,FRIDAY,0
1036,2025-11-01,1,11,NOVEMBER,4,2025,SATURDAY,1
1037,2025-11-02,2,11,NOVEMBER,4,2025,SUNDAY,1
1038,2025-11-03,3,11,NOVEMBER,4,2025,MONDAY,0
1039,2025-11-04,4,11,NOVEMBER,4,2025,TUESDAY,0
1040,2025-11-05,5,11,NOVEMBER,4,2025,WEDNESDAY,0
1041,2025-11-06,6,11,NOVEMBER,4,2025,THURSDAY,0
1042,2025-11-07,7,11,NOVEMBER,4,2025,FRIDAY,0
1043,2025-11-08,8,11,NOVEMBER,4,2025,SATURDAY,1
1044,2025-11-09,9,11,NOVEMBER,4,2025,SUNDAY,1
1045,2025-11-10,10,11,NOVEMBER,4,2025,MONDAY,0
1046,2025-11-11,11,11,NOVEMBER,4,2025,TUESDAY,0
1047,2025-11-12,12,11,NOVEMBER,4,2025,WEDNESDAY,0
1048,2025-11-13,13,11,NOVEMBER,4,2025,THURSDAY,0
1049,2025-11-14,14,11,NOVEMBER,4,2025,FRIDAY,0
1050,2025-11-15,15,11,NOVEMBER,4,2025,SATURDAY,1
1051,2025-11-16,16,11,NOVEMBER,4,2025,SUNDAY,1
1052,2025-11-17,17,11,NOVEMBER,4,2025,MONDAY,0
1053,2025-11-18,18,11,NOVEMBER,4,2025,TUESDAY,0
1054,2025-11-19,19,11,NOVEMBER,4,2025,WEDNESDAY,0
1055,2025-11-20,20,11,NOVEMBER,4,2025,THURSDAY,0
1056,2025-11-21,21,11,NOVEMBER,4,2025,FRIDAY,0
1057,2025-11-22,22,11,NOVEMBER,4,2025,SATURDAY,1
1058,2025-11-23,23,11,NOVEMBER,4,2025,SUNDAY,1
1059,2025-11-24,24,11,NOVEMBER,4,2025,MONDAY,0
1060,2025-11-25,25,11,NOVEMBER,4,2025,TUESDAY,0
1061,2025-11-26,26,11,NOVEMBER,4,2025,WEDNESDAY,0
1062,2025-11-27,27,11,NOVEMBER,4,2025,THURSDAY,0
1063,2025-11-28,28,11,NOVEMBER,4,2025,FRIDAY,0
1064,2025-11-29,29,11,NOVEMBER,4,2025,SATURDAY,1
1065,2025-11-30,30,11,NOVEMBER,4,2025,SUNDAY,1
1066,2025-12-01,1,12,DECEMBER,4,2025,MONDAY,0
1067,2025-12-02,2,12,DECEMBER,4,2025,TUESDAY,0
1068,2025-12-03,3,12,DECEMBER,4,2025,WEDNESDAY,0
1069,2025-12-04,4,12,DECEMBER,4,2025,THURSDAY,0
1070,2025-12-05,5,12,DECEMBER,4,2025,FRIDAY,0
1071,2025-12-06,6,12,DECEMBER,4,2025,SATURDAY,1
1072,2025-12-07,7,12,DECEMBER,4,2025,SUNDAY,1
1073,2025-12-08,8,12,DECEMBER,4,2025,MONDAY,0
1074,2025-12-09,9,12,DECEMBER,4,2025,TUESDAY,0
1075,2025-12-10,10,12,DECEMBER,4,2025,WEDNESDAY,0
1076,2025-12-11,11,12,DECEMBER,4,2025,THURSDAY,0
1077,2025-12-12,12,12,DECEMBER,4,2025,FRIDAY,0
1078,2025-12-13,13,12,DECEMBER,4,2025,SATURDAY,1
1079,2025-12-14,14,12,DECEMBER,4,2025,SUNDAY,1
1080,2025-12-15,15,12,DECEMBER,4,2025,MONDAY,0
1081,2025-12-16,16,12,DECEMBER,4,2025,TUESDAY,0
1082,2025-12-17,17,12,DECEMBER,4,2025,WEDNESDAY,0
1083,2025-12-18,18,12,DECEMBER,4,2025,THURSDAY,0
1084,2025-12-19,19,12,DECEMBER,4,2025,FRIDAY,0
1085,2025-12-20,20,12,DECEMBER,4,2025,SATURDAY,1
1086,2025-12-21,21,12,DECEMBER,4,2025,SUNDAY,1
1087,2025-12-22,22,12,DECEMBER,4,2025,MONDAY,0
1088,2025-12-23,23,12,DECEMBER,4,2025,TUESDAY,0
1089,2025-12-24,24,12,DECEMBER,4,2025,WEDNESDAY,0
1090,2025-12-25,25,12,DECEMBER,4,2025,THURSDAY,0
1091,2025-12-26,26,12,DECEMBER,4,2025,FRIDAY,0
1092,2025-12-27,27,12,DECEMBER,4,2025,SATURDAY,1
1093,2025-12-28,28,12,DECEMBER,4,2025,SUNDAY,1
1094,2025-12-29,29,12,DECEMBER,4,2025,MONDAY,0
1095,2025-12-30,30,12,DECEMBER,4,2025,TUESDAY,0
1096,2025-12-31,31,12,DECEMBER,4,2025,WEDNESDAY,0
